FORNITORE,PRODOTTO,COSTO €
S.G. PROFESSIONAL Srls,PROFUMO OLE',4.92
S.G. PROFESSIONAL Srls,SGRASSATORE OLE',4.92
TORNADO VARESE SRL,PANNI ANTISTATICI BIANCHI 22X60 50pz,2.80
TORNADO VARESE SRL,PROFUMATORE SKIZZO AIR ml 600,8.62
TORNADO VARESE SRL,DETERGENTE PSC 1 l,4.93
TORNADO VARESE SRL,SPUGNA ANTIGRAFFIO,0.95
TORNADO VARESE SRL,IDRO 86 l 12,40.29
TORNADO VARESE SRL,IDRO PROFUMATO l 12,42.53
TORNADO VARESE SRL,DETERGENTE G l 10,29.33
TORNADO VARESE SRL,IGIENICA MINI JUMBO mt 180,2.39
TORNADO VARESE SRL,EQO SGRASSATORE ,2.50
TORNADO VARESE SRL,FLUID kg 5,24.26
TORNADO VARESE SRL,ASCIUGAMANO A V 3150 pz,22.80
TORNADO VARESE SRL,ASCIUGAMANO A V FOLD GOLD 3150 pz,30.05
TORNADO VARESE SRL,DEKACID kg 5,27.00
TORNADO VARESE SRL,DETAR WC,5.53
TORNADO VARESE SRL,SPUGNA ABRASIVA VERDE CONVERT 80,0.60
TORNADO VARESE SRL,EQO VETRI MULTIUSO ml 750,2.32
TORNADO VARESE SRL,EQO BAGNO ANTICALCARE 750 ml,2.32
TORNADO VARESE SRL,CHANTAL,2.87
TORNADO VARESE SRL,MOP MICROFIBRA ,5.91
TORNADO VARESE SRL,PIUMINO SPOLVERO,5.55
TORNADO VARESE SRL,SECCHIO MOCIO,10.94
ERREMME SRL,BAGNO DISINCROSTANTE SORMA 5l,20.48
ERREMME SRL,BAGNO DISINCROSTANTE SORMA 750 ml,3.02
ERREMME SRL,WC PLUS SORMA 750 ml,3.21
ERREMME SRL,FUN BALL SGRASSATORE 750 ml,4.23
ERREMME SRL,FUN BALL SGRASSATORE 5l,15.68
ERREMME SRL,ALKARAPID ml 750,5.59
ERREMME SRL,ALKARAPID 5 l,27.20
ERREMME SRL,BIG BANG 5 l,27.65
ERREMME SRL,FLUID 5 l,26.95
ERREMME SRL,SACCO VIOLA 72x110 250 pz,38.25
ERREMME SRL,SACCO PATTUMIERA TRASPARENTE 50x60 1000 pz,31.20
ERREMME SRL,SACCO GIALLO 72x110 250pz,27.68
ERREMME SRL,SCOPA PREZIOSA,6.33
ERREMME SRL,MANICO IN ALLUMINIO CON VITE 150 cm (20pz),7.48
ERREMME SRL,DERAGNATORE A PALLA,2.08
ERREMME SRL,NEOGLASS 1l ,5.74
ERREMME SRL,PINZA PER MOP FLAMINGO,4.73
ERREMME SRL,MANICO IN ALLUMINIO CON FORO,8.51
ERREMME SRL,FRANGIA IN COTONE POLIESTERE SORMA 60cm,5.80
ERREMME SRL,FRANGIA IN COTONE POLIESTERE SORMA 80cm,7.40
ERREMME SRL,FRANGIA IN COTONE POLIESTERE SORMA 100cm,9.10
ERREMME SRL,BOBINA MAX ROLL 2pz ,11.24
ERREMME SRL,DETERGENTE PAVIMENTI SORMA SC,6.36
ERREMME SRL,PALETTA ,2.61
ERREMME SRL,MANICO DERAGNATORE,4.50
ERREMME SRL,SAPONE MANI ,10.80
DIPRES SRL,PANNO PVA MICRO BLU 5pz,14.52
DIPRES SRL,PANNO PVA MICRO VERDE 5pz,14.52
DIPRES SRL,PANNO PVA MICRO ROSSO 5pz,14.52
DIPRES SRL,ROOM CARE MULTIUSO R3,2.30
DIPRES SRL,ROOM CARE BAGNO R9,2.30
SAN GIORGIO MONZA,ANTICALCARE OLE',4.92
CINESI MILANO,GUANTI NITRILE M,3.00
CINESI MILANO,GUANTI NITRILE L,3.00
CINESI MILANO,GUANTI NITRILE XL,3.00
